SOURCE_CHAIN,SOURCE_TRANSACTION_HASH,DESTINATION_CHAIN,DESTINATION_TRANSACTION_HASH,SENDER_WALLET,SOURCE_TIMESTAMP_UTC,PROJECT,NATIVE_DROP_USD,STARGATE_SWAP_USD,SOURCE_TIMESTAMP_NUMERIC,Cluster_Label
Harmony,0x34f49979daee614e42e1cfb22cd973b0a8ac9e4238df8e7fd28b6ac1ccdfc540,BNB Chain,0x86fbeb9f495b45543e1d2d938a3f9c8561e4b8a347384dc95eaeb432abda9e2d,0x130a06f32bd7c76918c11e18c7f994c592a0e1f9,2023-07-19 20:58:28,Harmony Bridge,,,1689800308,59
Harmony,0xd4292dad76362fa6ec4cde68f58a69b8a7c79767a2c2f8c1ec281025454b0fc5,BNB Chain,0x8e6881e59c4e2a30282898c3da24d6d26eec0136ed2f6241ff83cd204232f9fa,0x8724fa2f3a2584faee4350e62fea3d98dbc59564,2023-07-19 20:58:28,Harmony Bridge,,,1689800308,59
Harmony,0x0d881fd4739f741d826fc2a7c4cd888ad07ce03e193fc58ebafa72ac34959c8a,BNB Chain,0x9d6f54232283bc63eb2cd033c1a944b9a287b5df7ceb4fdfe0ce9fbb016ae6c0,0x3e42a8c5c4f4cdf632d0419c4871d51165b71400,2023-07-19 20:58:28,Harmony Bridge,,,1689800308,59
Harmony,0x2412fb04f61f9d40c6139186021d4c3f14f371ffffecc00a317c5f57a2370687,BNB Chain,0x1dce4e2ca7933f74fe116227e95de02141359c65af996010aa25bff8522d588c,0xca7974737a576fe34c74342cfde7657f3f700a29,2023-07-19 20:58:28,Harmony Bridge,,,1689800308,59
Harmony,0x2fc17421dfafe6cb4ad66a7bce817192e33d1cb72e37729ec8bb1d4686ddf081,BNB Chain,0xe53065a7d4ed1b3d16c39a7b5048f025402ea87ddea8e0a82c5d45685f847d5b,0x7c7ed99c3500edbcb03217af7d035a921e821312,2023-07-19 20:58:28,Harmony Bridge,,,1689800308,59
Harmony,0x9d5aacfcf85f509e7b87391987539409d73bc7777fdbdafd38e93574f25e1dfe,BNB Chain,0x8f7937b2f40ca33ee19e669d72503ec234701c91300aeff555ebd67f79af100b,0x730330ee0dcc0228fceeaf9a85672dd080872036,2023-07-19 20:58:28,Harmony Bridge,,,1689800308,59
Harmony,0x0ee9e2ba7bd739d6500aaad4c5e000a6aa0deb070867d0367467ab497037725e,BNB Chain,0x4d66e193bef33f399040aec7413284ed4999b506f3b1f34e7d36cd2140cf03b8,0x86b39c772abd2f9d1774bbe8522dad3ffe86917b,2023-07-19 20:58:28,Harmony Bridge,,,1689800308,59
Harmony,0x97426094448479943923659b9d4971e55878cf3033898789d2b90daac1de422d,BNB Chain,0xaec512d45a3e826cfc6aea4cd7a0cb5e5488d35b023496b6bdd5318287588e53,0xb8c5325771b1c886fa06184c6949f0db07753a38,2023-07-19 20:58:28,Harmony Bridge,,,1689800308,59
Harmony,0x733ba69dddfaf436b96be325e182e3c6378a1d8a38ee2e72ac122cf13bc915ef,BNB Chain,0x4430c0e9628d055d2c9a41839624f27d328a8384a4d319f6859803b7a805a437,0xc0bcdd85263da9fa7ca1243d92ddde4b12337821,2023-07-19 20:58:28,Harmony Bridge,,,1689800308,59
Harmony,0xa0d4c8fea62d6f315c43388791f797a1617cc5f2a7360f37dce43af313b2f3a3,BNB Chain,0x9a750a5df667b3421c1afc336987554eddac712dc13b5ba78469af9d2b004c91,0xd4868cef83629968042b7af793864e445e36d796,2023-07-19 20:58:28,Harmony Bridge,,,1689800308,59
Harmony,0x20911d3ad27af35e792679677db3b5337bff33b49f10535cfdaf84a5fbe52037,BNB Chain,0xa6922cf328b7464df794663b9cca823f735307a71513641e19b394d193f73467,0x0a941b1f6c1d6b30f5de9e749083d2ded46f2328,2023-07-02 20:37:38,Harmony Bridge,,,1688330258,55
Harmony,0x1865db361fac14b103c0887708250e80f1e268303c5ab8f7e65c0ad2bf02a68f,BNB Chain,0x1131d63f819da1ea1b59fe483c61e447962152a9184e98367872414b5a0ca6cc,0x9c14b6f9989b167f4766abdb20f00e086bab6d4b,2023-07-02 20:37:38,Harmony Bridge,,,1688330258,55
Harmony,0xbe2bb109f21af7092b02c5bdf68a4eb319aacbed0c043901f674baff2d96510f,BNB Chain,0x2878f5c5c22929be7f0dc10c4dd85a2cc0914fa880aecfaed0edcc0510b49584,0xdf3b4db326ed117b4380b7d93d235573346c1985,2023-07-02 20:37:38,Harmony Bridge,,,1688330258,55
Harmony,0x39d31e01ab2f84a1a407b164d9bbd6c78d6379693384e34490ffe4c0ea6986bd,BNB Chain,0x865638c820fe1ba22f4a4e3bef3b643b28a1bae95cb8e2d444f6e3fe6748c68d,0x717fcc593c5715f8b099d59459f25528672b5454,2023-07-02 20:37:38,Harmony Bridge,,,1688330258,55
Harmony,0x96462992a9eb4611af73af6ed6a1a3d94e8ae34d8f51f9239de19758b7195b10,BNB Chain,0x96c6de2b677744e58232414a0d70fe590876fed55d552fd4f65554b76d34caf2,0x9c4822233ad6e60706f70ce1113d4a85261ef714,2023-07-02 20:37:38,Harmony Bridge,,,1688330258,55
Harmony,0xa1decb07c506226d4a799bd6069426fe7ccf39dc4e1b5ab6b118f125a93cf720,BNB Chain,0xa0c37085b04404d63b3d98103f18871cf3a24579b864270777bcbe434bb80e00,0x02ea31a2befcded5eb5fb31ffcdad2c383f128da,2023-07-02 20:37:38,Harmony Bridge,,,1688330258,55
Harmony,0x9b70d46f0ec72dc2b2a352ecc8231c7f97d930b06d9b0c7b96deb042dcc4675e,BNB Chain,0xea4bc96037851905d36268c11c74ea01ea21afa9b0ed8971549e21930e2ea9e7,0xf8b2d509e31ecac1d4d1fd39fac0c54c35bb3b68,2023-07-02 20:37:38,Harmony Bridge,,,1688330258,55
Harmony,0xae9e1d88933c2053d0419b95768b6b97a166e0f2dcb023b2365b385663276f16,BNB Chain,0x8ba7a65b92269afbd7aaad6715cf28a5066b09988aa8c1041e0b98a915a3f88b,0xa706b867492e4047c7c6ecf07f27c1cbda3dafb7,2023-07-02 20:37:38,Harmony Bridge,,,1688330258,55
Harmony,0x4e451500d76d13f03f9f4adb393c7499ac93bf1e5862e79254282823c6b455ba,BNB Chain,0x02e82b6f602c6d4bd9d75ed1f900a0fc6caca76007f2900b97054615b4eec30a,0x5aca4970c78d9e9d954d3afd7198d73ce2e87c43,2023-07-02 20:37:38,Harmony Bridge,,,1688330258,55
Harmony,0xdd6b4788e9af9ca7b479f348c3adf3a5c91cc88c0d7840f83b727e269c7993be,BNB Chain,0x585366acfab9ac26d0ffae229895556161a889faecd04e7b7ae5280bb82c0628,0xdbb72d87f445e1e0e94acc4c531e1c5aa171affa,2023-07-02 20:37:38,Harmony Bridge,,,1688330258,55
Harmony,0x231f465de17b60ac07fae76bdfa209fc5084b04f6f99543552c7b0ebde552a1d,BNB Chain,0x971e090c71d23f6ffb007b802bcd3a2adbe4a0915104747585800627c6447272,0xfda8c2a4803e2903dd2aaa76a473012b17896f99,2023-07-16 18:05:17,Harmony Bridge,,,1689530717,53
Harmony,0xe8de8315c7c01e2ff44d9b3562458b6ff16057843270add462424f9d287f2b46,BNB Chain,0xb22c565a5fc09c42a97635e3ba33e3be824dfd19ea55566eab12a8c2bbca51a5,0xd32cb8c046cd32b6feb4a554d78e1f1071394e3e,2023-07-16 18:05:17,Harmony Bridge,,,1689530717,53
Harmony,0x836fed4e0e986c953135426ad66e3736750a65abc065dcfebb6d2439441de24e,BNB Chain,0xca90690b50c7dfe9a1fde1d633c05318cf7f2ba6a62349de13cf236701311bd6,0xd484c8278436d009f4481efc7e7ab8d61c69a7b8,2023-07-16 18:05:17,Harmony Bridge,,,1689530717,53
Harmony,0x5634111da6f5a6bfdd4cde7cd14306300e671ced144d53904f34d7c7f1753424,BNB Chain,0xc9eddf05a8e3f933c3dc871e5d7dd4cf776f209712a89d0d31a35985e93e2975,0x972aa024468aaa0f2c0f2c12dc708630732fd6e6,2023-07-16 18:05:17,Harmony Bridge,,,1689530717,53
Harmony,0xe70172feb7957e3832dde56838d2adb320881b2c0891b6b3b1b896f650225f30,BNB Chain,0xdd4261090af80d5fc49bfc8e48d7e25bfd1959156f0c72667049281c66299f86,0xe3e2a65e12e55dd3ded8c6418f40c5cdc439e159,2023-07-16 18:05:17,Harmony Bridge,,,1689530717,53
Harmony,0x62c5d34bf78b49df12bb269eb6a1e971a7db2495a79916af3dcf13698f8ae093,BNB Chain,0xa9a7eb27c066a9518dea25c87acc8b015536360d71a24d5fc471a4376f0182fe,0x0813a290e0504f6b7494657630fbd1ddf65a7ef5,2023-07-16 18:05:17,Harmony Bridge,,,1689530717,53
Harmony,0xf1d7d9d8916189e146b673000b3e2bfc78c14d2712570fe4e5cb1237989e21e5,BNB Chain,0x786b39a392983583450d20e4fd9757038bff42e85ba579019a2e6d67dfb6aff3,0xc2eeec60e6f746dd0f0cc4e473ce1155be3510c0,2023-07-16 18:05:17,Harmony Bridge,,,1689530717,53
Harmony,0xa88311ef5435eb9bb5763dccb3313de1f0841bb56eb6c1721c38f3a849ba29ae,BNB Chain,0x8fd46c66c99ae383be836629430509af89d3a0afbcb506b7cc4c4f6f1ab8a312,0x53bfeaf7b02c8e929a21c2305a7dae9cf857b196,2023-07-16 18:05:17,Harmony Bridge,,,1689530717,53
Harmony,0x600b7144fb1a9215b2b4074e47e7695f7deafbcae7f29275cce109e631c5af21,BNB Chain,0x66828bbdecb283b84586096fb44fd34dcbbdbdbf9ec47d22c47a090ff0b0e466,0x312bf14825902e34d7447873f5e97c365f43f7f7,2023-07-16 18:05:17,Harmony Bridge,,,1689530717,53
Harmony,0x7ff8e98d5eb445cb55e87bb20a2a6e4d739f73bd0677ee48dc7c9b65f81b0514,BNB Chain,0x5581a8d3fe267f90cde2a69566659e1ed1216f25a516d67c5674e0bae396e469,0x40aba875b670140314197e0ed365a8679bb24e24,2023-07-16 18:05:17,Harmony Bridge,,,1689530717,53
Harmony,0x049ae5e4d464a3c80ab7d42859141534e32efa25d6192efacded90c8be70223d,BNB Chain,0xeb2b53a5430c09be41b0281e91f9ab2e9d5306925cdf5d000b7c21687ae5c0e0,0xbb9e1bb092fdc9cac408711c17a25057e44ef213,2023-06-10 00:44:10,Harmony Bridge,,,1686357850,52
Harmony,0x253600c787c7408c837f3332e972a4efa2de19b5c6a537965984a96108cee6ef,BNB Chain,0xfe2a1f1151214e4bf58877e7849db820bce17359ee2f5f93fc03a7e95089dcf9,0x7b325ae614d80e033168288400beb8a79cdb530d,2023-06-10 00:44:10,Harmony Bridge,,,1686357850,52
Harmony,0x86d9e5f81af60b4b241bb67b674aab842b596a4c7e26e920bab34e9537045f72,BNB Chain,0xd91b657550060a207b32fe95c50e258978fffd807b53fd1b36bfb8957e2695de,0xab1c6d75a4cb8afdc36451c1a858d1bd57a0c7b9,2023-06-10 00:44:10,Harmony Bridge,,,1686357850,52
Harmony,0x06f2be3b6dfa186e93b2160ca3b3cdb9b3197fed176fead19861dc491cba5a32,BNB Chain,0xef35ac830ce642e42937cafc04e0dd00e2daa40a2075b08fc9a411904fb485d9,0x81a14285c5c938a51ddb401c6a5eee111882edb7,2023-06-10 00:44:10,Harmony Bridge,,,1686357850,52
Harmony,0x90c5d4b720c3c1ec45b2d1dec5a946351c26b3d84f117c92916dbdf0adab00db,BNB Chain,0xe970c346769a06106ede3a9d65973bbc1aaaeacd4dcb55480559989bd05f334b,0x94c5226f3239ef66010fafff9eec2490fc65cb77,2023-06-10 00:44:10,Harmony Bridge,,,1686357850,52
Harmony,0x8e2546dc64d6191c3588bb76ec99e4a05dee1e30d02179860b37e22f7c06da65,BNB Chain,0xaba8a4ec0569d9af9f41a8f013fd827fc8cae635dcfc57e7e39e7742bf97f587,0xf1d3784b7858bfe072b820cddcac9c1fd616a4dc,2023-06-10 00:44:10,Harmony Bridge,,,1686357850,52
Harmony,0x239163cec07859fdbe3e7e5d18c097823509beb009389e8814ff9d4e6a18ae5c,BNB Chain,0x6203a267181e1aded12faf819b8681c1dc1cd272e7dc81fb5801bf4db91d9544,0x6f7ce57494577bb931d52fdf91ac8f050c51e6cc,2023-06-10 00:44:10,Harmony Bridge,,,1686357850,52
Harmony,0x44768509db9780dd6042867ebfc6647e4a986ab5c1b3e70fd671e5c605ee4b03,BNB Chain,0xeacf76bfef5f9fcbcd680f7ee8f5c353a9d1e863d69ee94d49d73bd96bf92268,0x110b1d7d98093652b32a509247860ad048263b0c,2023-06-10 00:44:10,Harmony Bridge,,,1686357850,52
Harmony,0xb4cd7f93f7391832532b4e1ad030b9fd3bb6ea9ba8c42c471c72daae7b5f4c9c,BNB Chain,0xd408c75d09bde45039c2273de40930b0bce0f66445a00aa820c2dde17002c26e,0xf554e98a2b296236219e067285956fda749f53eb,2023-06-10 00:44:10,Harmony Bridge,,,1686357850,52
Harmony,0x2e3554b2e50baaa589910b502ecbc70b936d0409e7bafb83bfe5f398b7fc2900,BNB Chain,0xe97049d0bc8cf1401d8ac36e6164d493da2ea4fcc9433afd7c13d152d01c4b29,0x3d9da3a1bdf5254669b1d81ccc7b2fc4c6ff7a9d,2023-06-10 00:44:10,Harmony Bridge,,,1686357850,52
Harmony,0x914f611392f5c34db0d3165b53ac6a4d2de53e891e8bb8c95be5a38c70f59106,BNB Chain,0x1a51992f1de555d8ddbc2e180ffd1d72d7a3237442b6e3aaed14e938440c5a73,0x0e4d992b4f82e171c4c220ffffa364d9edb9032c,2023-06-10 00:44:10,Harmony Bridge,,,1686357850,52
Harmony,0x1cec63ffbc5c04f855034324d7489458a582e3c6694ec0989ed282bbbe306d45,BNB Chain,0xc51f524e1bd22227856ed20ef68a384cbd565eff22d17a9e26f002d8f66b8679,0xe99a3dfa93bbd956e4052d07a4194eb01c864f9d,2023-06-10 00:44:10,Harmony Bridge,,,1686357850,52
Harmony,0x862d597aa3f4f19c4adaf2bce629af6ba375507eadbdde8964c38b8306d35f90,BNB Chain,0x7f5ab109e9537fdaf7a48ac89f28365e094d1a5ca297510ec75f59ef2703bc3f,0x7e7022f8879d88bcc5d288b229737adb4b1f39cb,2023-06-10 00:44:10,Harmony Bridge,,,1686357850,52
Harmony,0x37b9ca6e969617c810b02ea4cb8934adcbc7b9989f40a7be13a6c5cf9a6fc2cf,BNB Chain,0x62380f7d73ec60d195cf66293cbaf9478b7349919cb7a5919be767016831f951,0xf61bcafaac900920aca74567c2a7cd23df32f6cd,2023-07-29 23:12:10,Harmony Bridge,,,1690672330,46
Harmony,0x477405a6fd6d8cfe0853daf74bdfbb73b3054c0a412b06ce70387e8a39f117c7,BNB Chain,0x1e6fb8eb33d8c41c968566106f82b03790e02f3adf0b9947c304fd734d906c0f,0x2c6a221a1a16e7b331ac94e46393e294e7b3a817,2023-07-29 23:12:10,Harmony Bridge,,,1690672330,46
Harmony,0x20ef89255115fe35653e0062c038b6105b7df34e40f7dcd41be4c3e248e16b35,BNB Chain,0x9378e8813a31a4d5c6615b422bf7d39f1a21203503e5bc1758ffd4f77970fcf0,0x0fe1ffb46e13811632cef0f8bd48c4809692119e,2023-07-29 23:12:10,Harmony Bridge,,,1690672330,46
Harmony,0x9f064764acca976594734a58c64779183d651d4ebf2e7832ee731d34430b74af,BNB Chain,0xd35c93a147d62e18a4256bdc2ce31916c25f136cc432f204331cfb8ec51b4b82,0xfbdcc4102b69b638dcdc7b63debcd9ca0e0961ba,2023-07-29 23:12:10,Harmony Bridge,,,1690672330,46
Harmony,0x87e81ff702cb09d7fb93bd3d79c5c051050c1e6108037701d9c5e044e9ccb16d,BNB Chain,0xc5844e9a14ee8415f14d7dd0c9e0f9c45aa008189b0b5aa8dc3b433d1ebcfaa5,0x8d88bfb2b5d31eccb309e20852604f8032040959,2023-07-29 23:12:10,Harmony Bridge,,,1690672330,46
Harmony,0x461f552484b40a121fe1eb8324308b7476e80d545e3ad3d54d4c078bef70fedc,BNB Chain,0x5185fb2d7ab70739ee71fd7c986593078e98dafeab260d9054e9f239b7ddf0b4,0xddb211cd80c3c4484638514d6aa1e47222ebdaed,2023-07-29 23:12:10,Harmony Bridge,,,1690672330,46
Harmony,0x51a3a853e7c7e7b83e84be40f14c65bc5c74f8420adc7c4ccedc1af8a0c864b5,BNB Chain,0xedc2908d4739034a9d520c116943f3abb98aa9e877da64c0e4a37fcc4f786b99,0x3c0c460a6cc25a45516723f5efac589f29cccb3c,2023-07-29 23:12:10,Harmony Bridge,,,1690672330,46
Harmony,0x5b08b2caca488b0b8e43cf6b09e60d02704a4805ce8def53caeccf931a9b0462,BNB Chain,0x458c77cee7244fc6fba2280d131192da6357e73741f58fb80b1715597b19aa97,0x91b921c9cb9e28fc8be4428729385d1549d7577e,2023-07-29 23:12:10,Harmony Bridge,,,1690672330,46
Harmony,0xd2384321906398fabdc5bb3899eccd7365e3ad108cb3d14a30c014c8f3c89c0b,BNB Chain,0x0e5e22a9f011f466366339b14fa521c54f68603f418ad8a76e712a76ecef3e92,0x701c866317c3b42db421b07aaec384613b94e218,2023-07-29 23:12:10,Harmony Bridge,,,1690672330,46
Harmony,0x6be670d332db0c5edf7d55595bda0540773ed6d59ba4b275e0f12e58e3f1bc59,BNB Chain,0x4b2ee37b0aca4bdc672498cb498ceaac0ea515eb77045d6d3419811fdac3ad39,0xd1406688dc728a3cabfbba687039d6eaceff850f,2023-07-29 23:12:10,Harmony Bridge,,,1690672330,46
Harmony,0xbcd08d4ca296cb9da5011b2e20baf1d82dace59d484aba545437e64dbaaf43f9,BNB Chain,0x807e45e22cff4cfd7b40714385c01a1613fabe3e49bfcb7b666e750eadd7e6d2,0xd007621d82289731b43ea7021023661b3962d23a,2023-06-10 00:45:12,Harmony Bridge,,,1686357912,43
Harmony,0x42bae34e92bcb230bf1c2b950386868887841dfda7bda392a3564669b79e4eeb,BNB Chain,0x162cf135a75a85c0fe8fe78cd814f25e354278055530fa0aef50db901956dfac,0xbd457ea898c97389f88add28382515352ffaf644,2023-06-10 00:45:12,Harmony Bridge,,,1686357912,43
Harmony,0x5019b88da1a21ab4cc8d0d2e14301126cb55256aabb4a6921d29acbf209b3666,BNB Chain,0x5301f74348147380e5c0b582d8e9e1c6233f3a1f2e45a610181f72c52c38c2dd,0x7f0504be5ba9f30150610eb941223f87f9f6fe64,2023-06-10 00:45:12,Harmony Bridge,,,1686357912,43
Harmony,0x277cf965b069e37e7783ef77ff8bc0fe9c1950ceab126d21001264f3da3654cd,BNB Chain,0x5ba8d82f0f3c03b572ee281dd982518cd8e6fa019a82c09da405a16e12199f0e,0xab0f5339690ea3827605565b0dfe4f2bf393b2e5,2023-06-10 00:45:12,Harmony Bridge,,,1686357912,43
Harmony,0xe0a3964d66da71df92ec98b2f484d936854b94275a8913661cb8c44bdcadbe37,BNB Chain,0xf75c57fe038fb39ec6e93c776d49ddbb1466066aa436cc95ecb119873bb4a5fd,0x3ea92b3bf205c217d2bd2c504045e4eaac5c84a6,2023-06-10 00:45:12,Harmony Bridge,,,1686357912,43
Harmony,0x80066120c38cd97c71d401dfe89aa6dd4e5fdc081fc5c72e41a18f26d7cdb921,BNB Chain,0x58ae43ccf591cab7af5c60a2eb6134e7fd247b46b44ef52bc139c0c219432cde,0x97759549c7750e78e9ffc67fefff6849494bec25,2023-06-10 00:45:12,Harmony Bridge,,,1686357912,43
Harmony,0xcf90d7f7ddcf66728935257aa2ff70b6e60b239c5f5512c7acf051ccbc8e46c2,BNB Chain,0x59c537a4d4c67906d2e456422e5819e05ab3bdb774528fda4f0561afb44f53fb,0x35605ca12d11d25207a47342bdf4727af295731d,2023-08-04 21:07:43,Harmony Bridge,,,1691183263,42
Harmony,0xaf88405b6d421d96b3e28d4d0980afa43906e75cda4f200b68fd01420ab87789,BNB Chain,0x95a0937bf1be8e854c80703e8fc5113d8a1080cb38341ec320263a5fd1febdf2,0xc29da45508a7aec979a2c15835da485b93612517,2023-08-04 21:07:43,Harmony Bridge,,,1691183263,42
Harmony,0x9408c22734b02b6c89cd61b5605fe8e98a3112bc369ce0dbdef2c1423c3393b4,BNB Chain,0x08a61cd6f999aeb6a214fc322b2e99bb5763aa201b0fbf25162a38bec1e88b4c,0x474776afb2ccf199ffe7035d5dd148780ee3e380,2023-08-04 21:07:43,Harmony Bridge,,,1691183263,42
Harmony,0xf018d881ebe870502195f9197bbc834c43b24b5554916f1fab6857ab90303cf5,BNB Chain,0x2ec1e325058d4f2afef23f5851ea7528675b334d33771dc614cbc0700b7c2025,0xf929a91fe59c3906619e5c2b85f3547e47e58ea6,2023-08-04 21:07:43,Harmony Bridge,,,1691183263,42
Harmony,0x3e92d325a69c51cda34dab97d80b4a2fd8c2813ea22e037a6dea456fa641913b,BNB Chain,0xae85cc9d3328fecbf7daf419cffa6038545200e7ce1b1b307d4c5575ef04fbb5,0x5cc4f95de6da5be581cc4f4dea241307d057bb95,2023-08-04 21:07:43,Harmony Bridge,,,1691183263,42
Harmony,0x9c48f4f7e38faa2262495f83e398e944c172da97c59ca2d29db0645646a850a3,BNB Chain,0x701cd1e72e6904b2ef157a66ade8b7f203c4822a71b6f0e8f2b687bd19f7585f,0xda64af08ccaad53451a09278a95a43bcca4c0171,2023-08-04 21:07:43,Harmony Bridge,,,1691183263,42
Harmony,0x9e04c555ad652f36c6cb776d1ba43bd63a094eb276a50c3d94ff9fad6db73360,BNB Chain,0x431ac0ec07ff73920a5c9b81a6c2198d7e9c74839e843228205d14600e965fff,0x24e5ea17b1d85cbfa027a3283951c4e8f0818314,2023-08-04 21:07:43,Harmony Bridge,,,1691183263,42
Harmony,0x6ceb2c74c9f2509f3cd3f0cf07b2ab0c832b385faa87870b6adcf8bd9599204d,BNB Chain,0x4245d9e6e03fb1c689d2c3a357ad82bede56dfb755897962f03660ba003deaae,0xad4802829c136985499c2b7b5b128d0a66949863,2023-08-04 21:07:43,Harmony Bridge,,,1691183263,42
Harmony,0x59fa7f6d9d7e22f17ed5f2078a2758766f14f68e7a4df18ac9203e064d623cb5,BNB Chain,0xbab752e9f52c2d705978b17d513793ccc3c0877e48bbb693b4b6ab45738d5abe,0xe76137fb63ee995e7966589fc5fd62bd963b87ff,2023-08-04 21:07:43,Harmony Bridge,,,1691183263,42
Harmony,0x6d40698227ea6f6fe307c8ef5f355a70564da484b6a49d33f113563f92b9b0b5,BNB Chain,0x81a851948fa2abca2618218b1d4c183eabfd20d05d509caeb76229b95a645fcc,0x27a6c58defde0668c49a78af673309bf4cf0cb8d,2023-08-04 21:07:43,Harmony Bridge,,,1691183263,42
Harmony,0x140ab1505593bdccd3065acd6d21a6be8c9e92eaf19a169c0ed372d7bf53d0c0,BNB Chain,0xf13173710377f2fff179c8d67f7232f7ffe3b26e0b5976ab731ded69c7ab0330,0xae7e16949c7d98b341034a6f57550a8e8ed5f588,2023-06-26 17:08:16,Harmony Bridge,,,1687799296,41
Harmony,0xd9d4ae9a16b695547465ba1375c649c1895547528303b0f5212dff5817badad0,BNB Chain,0x2a0647d1d91d075420bd7c5aec4e2c0e6584d335d77cda57d1446e2414b31012,0x44f6b6324caf10b3055980c75af5d4227a09f772,2023-06-26 17:08:16,Harmony Bridge,,,1687799296,41
Harmony,0x669771434f942bca27a9f2609f2a5339f59003e28de5db768779474010a3ab6e,BNB Chain,0x1ad07e88f300f8df109a739fac37700464981983967c15d6f741aae9af6ab2d6,0xd0670c1010fb99d386af37f5f0c10b41cf2f3ba6,2023-06-26 17:08:16,Harmony Bridge,,,1687799296,41
Harmony,0xdcf5478ccb5443469157a27c7866e654a58598d741f2233154001d643c0ad766,BNB Chain,0x76a57b922f956533abf1234645ce7c971d6058df57d58c3134c3baf39f6f04e7,0x6ecf59b8e4ed7becaae6afdd00edb2795c1f7297,2023-06-26 17:08:16,Harmony Bridge,,,1687799296,41
Harmony,0x3c09bf3c433f4d0797df485f2ab8a4bd27b16889747b05d0ea6053959b6f8b88,BNB Chain,0x8ec29a8773b3d63843dc3a1b33dfc47603370e821ef214cf5388608f8b75bdb0,0x3524440a18e37559ecdecba99ec764f9aeb7c7ac,2023-06-26 17:08:16,Harmony Bridge,,,1687799296,41
Harmony,0xb495643857c69db8a1a096374d2fffc7bab627a8d84b4f26d06eb3b1ead45413,BNB Chain,0x0820ce3bfcf7ea7c836bb60435f2e9ff2d1fa3ff2c5bcd945d84fedf7d2b3007,0x518e856e7b63904e1b87451068aa779f6e2defdb,2023-06-26 17:08:16,Harmony Bridge,,,1687799296,41
Harmony,0xfe6caadf8267e1574677f83e055313999ed37f2a038494658a846c2144be45b2,BNB Chain,0xa0ab4f3b7fbe92dd29847ddaabc9012f0b891946ccd4d2c4582f6a1239c310b4,0x934ad1be2bb587bfdd44c24e32fbe50f58d71dc4,2023-06-26 17:08:16,Harmony Bridge,,,1687799296,41
Harmony,0xa65fc57be23b0ecadaf701f1f53de89b7353f849c57bdd574083c75596b31053,BNB Chain,0x0f2bc17a9386642ce3bebbf1f592e8a0c4454164a4f8713198c241730a74f8a7,0x2da5cc6a20ca62e7b48466bd9e6fabbac43b79c1,2023-06-26 17:08:16,Harmony Bridge,,,1687799296,41
Harmony,0x5b31931d690e1eb3a93af66adb0a69c3a40a4145a9915ad96ab00233bc537c7d,BNB Chain,0x05465f4e22625cecc449ef3b9d4495dc4ac294e93f23fa581124b3aaa1d65a35,0x393f6e848a73601e1602cbb7e272768d3c5af843,2023-06-26 17:08:16,Harmony Bridge,,,1687799296,41
Harmony,0xc787115328b57ef839f5428229235fb1ba061f1d6a7578fcddd92bdc61fad223,BNB Chain,0xc2ace8cac538f0726933a8198a1ef52040984137db3a395519ea2352af50d19f,0xaee13e67e7f6884addce1caa76b043f8945f1772,2023-06-26 17:08:16,Harmony Bridge,,,1687799296,41
Harmony,0x67071e22460dc9d919f674f41eb6b31078c13a1f783191f151290440f48e8eb4,BNB Chain,0x93b728cdd2681757d0d062ca9edbb982c0d5cdef0931826ed09da5b3305fb8e9,0xef07827328f09c548b1c4005651d9f988a4b1ba4,2023-08-12 05:14:07,Harmony Bridge,,,1691817247,37
Harmony,0x15473dd27b1882d518e561dde554eddb4b109fcd1107fb1255062227ba1a748f,BNB Chain,0xe34cb30be51b691a481855af581841443bc202e71b3f552582971766537ee978,0xe3547a0552f21935a21d1dceb03fbe9c3756d977,2023-08-12 05:14:07,Harmony Bridge,,,1691817247,37
Harmony,0x4707a6071254bb35417167fcf0d31bc6dfa56c5e368250da51bb6d8881bd213e,BNB Chain,0x9307a90a3df6d17159805e4a29ab9fbafa4d02969e3acc00ede4eeaede04774a,0xc1abd896251d975df8bdd1b744fa5236ca38a9fb,2023-08-12 05:14:07,Harmony Bridge,,,1691817247,37
Harmony,0xb2b2e0be21a19561708f012ec99a836a967a8b7c1dc9486db68eff91a7ca3874,BNB Chain,0x7abf4e874008a73a8a64aca208f3a1ea85a730545ca79606ce97f0346441071a,0x87c53b60e39c09ccc6597aaa456dd8a7e5276f0c,2023-08-12 05:14:07,Harmony Bridge,,,1691817247,37
Harmony,0x57e139f2027c24c1e4c41a689d3c08672d22cd3c6752b59d594cd7f0cdb734d9,BNB Chain,0xea3433ee6c24f15f5f41c0f6ad1279bb52c186d2db512ebe347d8c951bf966d4,0xb6ef0945a9bd654fbd6d1e26eb06d188530d3a1b,2023-08-12 05:14:07,Harmony Bridge,,,1691817247,37
Harmony,0xed53167eba2fa2ad011a1e5f19675613707e3535b9027347bd554486612b111c,BNB Chain,0x5ebd07f1c7b15e3c78dc852d5119fdfd9f5b49592d7f1db75e0c2605e03d949a,0xdfcd6f4cfd0f9b5bfdb78a89715114fe0d38f08e,2023-08-12 05:14:07,Harmony Bridge,,,1691817247,37
Harmony,0x1b80ce965572f6433cc7305dd319984f07d5bcdedba7be5eaa157de10f9b2da0,BNB Chain,0x18fd91c4211d2cd3d8207efbfdc8230c0da8ae8e47c3ca999be1af0641237b8c,0xcd2a30e9212c90570e7f93d494f1f8de17827c21,2023-08-12 05:14:07,Harmony Bridge,,,1691817247,37
Harmony,0x8ab684f786136f692bd26fcf9090fe389d99bad342485760207a5d21223b5bec,BNB Chain,0x96a946b31f28cc7206adf8ba8e07ea7f9a70db8f640b3c95e924d72ca4456712,0xea315f30a8208ca16507d1a5b2af691dc0f3f0ea,2023-08-12 05:14:07,Harmony Bridge,,,1691817247,37
Harmony,0x553c1181638e7df09dd73990276fb46e3d377d9b58f22995440a1a5468d8a29b,BNB Chain,0xac4a8ff5cd1c8a93034cb801b042ed859aa34d56363ca9ec62debd4978ab49d9,0xc3100d07a5997a7f9f9cdde967d396f9a2aed6a6,2023-08-12 05:14:07,Harmony Bridge,,,1691817247,37
Harmony,0xd63f388994946defff6a89992072c865390cfd95eea2b562065b51051abd9a74,BNB Chain,0xf1eb69b8ba669132583b5a7707648f85440ae604aa3cad8447f0fb954801087c,0x76254d801df7cd43a52498616b3d2d992b050117,2023-08-12 05:14:07,Harmony Bridge,,,1691817247,37
Harmony,0xc28a6abc0303640f6a86b02360c2eb287e02f9a4ab1cf72fceeb29d82ad3c7d7,BNB Chain,0x67da425dc9ecb9aa528d8d89604bdf7be33cff1f15231dc44d8744ea28c6ad6b,0x8892134f566d11428b9dfdc252050e9dea70dc9e,2023-08-12 05:14:07,Harmony Bridge,,,1691817247,37
Harmony,0x9c1a3a5227e766d2dcd5cfb2c079d8e5c5c4c2085e60a7abc4bb22a54bbb0177,BNB Chain,0xcff9aec65e106fceebffaf855725cb2f040517bb41d69977200bcf735a3d4f06,0xf4e8b0940d76aa6ee89c0e79eefd83bd10671141,2023-08-12 05:14:07,Harmony Bridge,,,1691817247,37
Harmony,0x1e19e66053615a9c98ac4823653e507a98cb734c04708c763df368503fc6debe,BNB Chain,0x995636e1d22deb4a74b6b49a8b525ac93bca3114bfb1e917f979d79d37796a36,0xe72d6a759536e81b4bed8b1ad50de50b0d43ceee,2023-08-12 05:14:07,Harmony Bridge,,,1691817247,37
Harmony,0xb58ad274fe7af4828096f3a333664a77013db7ea4ecb176755e20e2103c902de,BNB Chain,0x01779361352946dbe03b73ca9e8b2246205d0d895610fcd79b017cd437c8ce87,0xd111e9e94687143138fed75c9e113ca2f87fa024,2023-06-27 10:28:14,Harmony Bridge,,,1687861694,36
Harmony,0xe40945d3331d9971dc0cc7ed00aeb985834e0177b291827316eefc370e8e60bc,BNB Chain,0x66236013991b73b8db8c190db3b906bd07e0d1887dfcbee59dcf79955dfad406,0x21558f2fb96ceb1ce19583ec8edfbd96d9382d5b,2023-06-27 10:28:14,Harmony Bridge,,,1687861694,36
Harmony,0xd2eda5fc5a3111569c5f8be2228896d87aac0bbceda11f54fe03a34442c988cc,BNB Chain,0xc4b71861a2874d2ea15f050b377a77fe78c4560a79aae06c3a70ed44cc12a929,0x1047564c5bd4bf89e8d2cf9fa25036dad3002009,2023-06-27 10:28:14,Harmony Bridge,,,1687861694,36
Harmony,0xa08bd00a6f23a652f6300198bfe48901f9a4b01bb5620c6081016d7e48511319,BNB Chain,0xce2691cfc8ec63f320450a7b84fd5efdb020b05fe158f0d514132534a923fde8,0x7263e2a2ac0fce70931937550a4fe03df17bddba,2023-06-27 10:28:14,Harmony Bridge,,,1687861694,36
Harmony,0x0c863f0fe6fbe9abaebe5cee9f89387f25a2bfa3a21b08e89c55d3b66731a3c6,BNB Chain,0x25fcc6aeb3b3f7ecc136acedd00f0ae65c19017da05b306c36471242906293b3,0x6834e85cbab36e2609de196c14344ff52a0c2bcf,2023-06-27 10:28:14,Harmony Bridge,,,1687861694,36
Harmony,0xe7fcb85996e561e961920e16959eda2743cf46a19f85bcdf565cf2d48c3bae97,BNB Chain,0xe3ecaa3a496ea672f20e94d0e847379a731fb8bfba2353d7f9c14c05e74fc0f8,0x123f3d55654646ffaff7819708a5befae7182b04,2023-06-27 10:28:14,Harmony Bridge,,,1687861694,36
Harmony,0x25ad1ce018dc75a06e1cb037dc9ce1c63d57a43cff466e1a1542f14fe84ecebf,BNB Chain,0x35f30bd7819410abf5696c1049eff852ab26cb370a22d4a4b36574b206ce0f9c,0x4098a29e48c7fea7245303fd3e9aa7f56d5d7355,2023-06-27 10:28:14,Harmony Bridge,,,1687861694,36
Harmony,0x5ccd5a897576cd3e5f5ab96fc7c1cb44ab56c3f293cefe1d5715511a23fb6f64,BNB Chain,0x419e4337a7d1e9e656f2f3e86b282aabd77ee6fd70a6230d17f158832faa3250,0x52a3547c76692ba7c55a09fdb6eb7fee5199a149,2023-06-27 10:28:14,Harmony Bridge,,,1687861694,36
Harmony,0xcd7b6ce124e8f0bc3f58a7121837a67752e6d21703cf53b17235ce71f191ec1a,BNB Chain,0x9f7232a73085f6b40736a9c9702deb98619d542e6d8b29576be45da7094fc23c,0x59702e3946066c52cb5574169d2e2e3da7f01b15,2023-06-27 10:28:14,Harmony Bridge,,,1687861694,36
Harmony,0xb0e443ddbe9e5886903f89a604701bb46dba016e24b53479bf2954c70ac55425,BNB Chain,0x31b8fdfb9bfecc35ff097c7253f20bc4b4dd86e68e33895616164c30885bbaf8,0x91b0962efd4fbea848f468adbe6cc486db71a1ce,2023-06-27 10:28:14,Harmony Bridge,,,1687861694,36
Harmony,0x80225aa6acc61af05578140eb731092a37a47fda54efe3abf8e2f52709bf23ee,BNB Chain,0xea9bc57283c424c1d4ea7495c91fce7ba981e9a8b1fa3ed9ab6ba861667cfc8e,0x03bc3446a3a2830a8e8f865694052cb23ce9d0c7,2023-06-27 10:28:14,Harmony Bridge,,,1687861694,36
Harmony,0xf8ef6532f0a7e77313f432948c35e3bc24d1fac19940a1985aea12e9902ca938,BNB Chain,0xc57e51a8f6b87053bda9cb99360253764f288bd7f4c50f7535eff84e6b44fbe8,0xc147e8227b536c18d64ab436d928315d53dcc050,2023-06-27 10:28:14,Harmony Bridge,,,1687861694,36
Harmony,0x2cc381c468eb5ea69e35ff3ef71151ebfda56568b80330c63d75d3b224126eb2,BNB Chain,0x4ce64e56eabde029bdf8d12954d22c1a8c1a81ece76c2a7594afb8d8d4f01461,0xee724f41f60837ab8d828fd8c74a667c4237033f,2023-06-27 10:28:14,Harmony Bridge,,,1687861694,36
Harmony,0x791fc882d50d15a9c3c3b1b9953c08526abc6ed029bbb05befb62d2f15342adf,BNB Chain,0xe6fc4168d072a1155ec3fe7e7559fd34776a02c3ab00b73b86c588783b7b9cd0,0x3f62bcd1b35c8e8a443edc26d10da6aa078f15df,2023-06-27 10:28:14,Harmony Bridge,,,1687861694,36
Harmony,0x050f26b148ce94b545769da2d30ce1bcf16a71966efd5da967ec689c95d82a9d,BNB Chain,0xdc89227a0ca4acb41521c073ed70e306ae6baa55108248b70213a8ca8e8af076,0x72cacf775f1dbfe267aabf97168ca3f9a7ac4bfc,2023-12-14 11:42:13,Harmony Bridge,,,1702554133,35
Harmony,0x2e22789e1665923411eb409c574a0f58511aeacf43556e89941986c4d98a4634,BNB Chain,0x88307000c47f3a395e0760688bf0f9aafd368b889ddce40fc40dcee4e8dec624,0x594dc43f1185ac8ed9936f2d1f72ffa645ce0828,2023-12-14 11:42:13,Harmony Bridge,,,1702554133,35
Harmony,0xbc82605be0b4d4f8645e0578ad693f0d0a043a54e70a46574107ff7de45510d4,BNB Chain,0x0251f0a9eb552092cbd7f63fec592a2a5a4e92cfd343faf8756bffe6aadcec6e,0x3b025db3030f88b59ab508b88a43a789208666b7,2023-12-14 11:42:13,Harmony Bridge,,,1702554133,35
Harmony,0x27bfd0ea3a8cb1cc47bcf25974cb4fa5e6f7147ed17e000f3c9b89322b3d59e2,BNB Chain,0xccb29a0a81cc5c597031373ce6676a7db061480c9c1d21194ac16b8058315194,0xf5e1fe4a485fbd5a03f7fbf22c1568c628cc18bf,2023-12-14 11:42:13,Harmony Bridge,,,1702554133,35
Harmony,0x9a81adea38190f0bca4a32cc33f5272e138adb909ba50fbcc36af5c8e3551d67,BNB Chain,0x158fe2d3036256a499bc1f0631dc3b8f165bb5694964ee9e8c05cf9dd6ccbc25,0xb69783cb017e2501d2037ac73e2c64ede9ec126a,2023-12-14 11:42:13,Harmony Bridge,,,1702554133,35
Harmony,0x285278e6c213fa0ea5ae79c522775580e1d6f08519c51a0e7de7e739fc9b6643,BNB Chain,0x5b2c01c956319bc51449ae6c4a3b4699edf14ece39e835914aa28eaeb977dbf3,0x01a2c8f98343836e2f75056a9c72b5e1163b1d0d,2023-12-14 11:42:13,Harmony Bridge,,,1702554133,35
Harmony,0x288e73b1a3e250f50585dff04bf94dce90ae7a36c4eab858d685e543133600a1,BNB Chain,0x1cf9afaacc579f07f4f813da361cd94b62637bcf0ea5f0bbb754c00cfcc47d03,0xe117f1839da7b1dfbb310a34ebe37ca8d30d765a,2023-12-14 11:42:13,Harmony Bridge,,,1702554133,35
Harmony,0xc33666a75ac3436d2b58be7ee0187cc68cd9339f80d7a9fc93760f99a768ab9d,BNB Chain,0x3888ee998f12119584e871fed94009520aa17bbf1c6f2bedb3e8c4f4c5d51514,0xec441aac327e2186d3b16a41af48e898a7ecab4e,2023-12-14 11:42:13,Harmony Bridge,,,1702554133,35
Harmony,0x20ed767c38d9bcdd9d371ceca16461714028172469f9d2266f0387afc09df365,BNB Chain,0xe6b822c576291d5619cc47646c8518e8f5fd49db2439025add7f680f59b1a4fc,0xd1948517208c899626b29ca1025dfde44301e901,2023-12-14 11:42:13,Harmony Bridge,,,1702554133,35
Harmony,0x9e5f60df9527f10855641b484c841a3d5f1d18ba99f8177874848f855f327123,BNB Chain,0x952ba5f3ac160ba73696aaf69aab93fa52795c68589430435580e6417e55b369,0x34e9378444ddf7764cc8445c6a53ba28956a7804,2023-12-14 11:42:13,Harmony Bridge,,,1702554133,35
Harmony,0xae66eca0e12919cab3534a48afc83f8574e12854e6ca3a7c5943a458502b0c15,BNB Chain,0xda14db640a21e8c3c4cd9bb0cf11f0fefa085eaffa167eab5c422d3f14212cda,0x364e0797d80ffb1951c20e81f03cb711118622d1,2023-05-12 10:22:34,Harmony Bridge,,,1683886954,33
Harmony,0x5153eecc9ec594758e07af8949f1b82ba8e98943555f5e244b7bf1ec0b5d890e,BNB Chain,0xa02bb545212e6e1376d1de898474813004fc542ecdd6ad8c2a21afe2c895ee6c,0xe0a48a921b65cfb211727ee58060f19fc5e43642,2023-05-12 10:22:34,Harmony Bridge,,,1683886954,33
Harmony,0x7ffa15369d22aa46ea9accb807bb854bd333266b319621174df4367197885701,BNB Chain,0x1151bffd8c6378aeeb8edcf6f2297afa0fd02eac2955cf599dbaacd6258733e4,0x312922b6f39c188519c8a76f2ead99a4ae5e978c,2023-05-12 10:22:34,Harmony Bridge,,,1683886954,33
Harmony,0x68ce7ec12ac627c83101ae424f00227c1db7b684394ad44335efab7300a98c29,BNB Chain,0x41a09b38187361633cc828b632a29ea7c24becebee1526d80f785ee34da3382a,0x6a7df4dad1d1ce99d566edb59d150459c78a5bbc,2023-05-12 10:22:34,Harmony Bridge,,,1683886954,33
Harmony,0xe2cbb07d402c286477dc79f72265b2e33468d4357021faf35b307c0db966cba6,BNB Chain,0xa3bd6c9f6e0c7a5fd8abddcd47453543e7686b4ca375d7e60a9d45ce44cd80f0,0xae6668f9c2de8798bfa074bada96e017db3056e7,2023-05-12 10:22:34,Harmony Bridge,,,1683886954,33
Harmony,0x888a515d2cf487526ab5c85e67549d768fb5ca0bf2530eaa3debe06a6e3a3b3e,BNB Chain,0x7ddc320d2072a1e84fd7949e1cd6d0ce07a3fe3e3c53a2bc93b27a7b1b1119cd,0x7e3fc4749b6578a1ef846e7e03c6bb34b4092d89,2023-05-12 10:22:34,Harmony Bridge,,,1683886954,33
Harmony,0x27aa82a011c14e4ad531ebb74de4ca30bff7ac3b0a0da316b710601e79857b05,BNB Chain,0x51252172363942d4a3a8664cf65a802e87543d5a64463e4d59c11b7a97d920a1,0xffa70936c49b1d4c455a66d79f81e2c7e0723333,2023-05-12 10:22:34,Harmony Bridge,,,1683886954,33
Harmony,0x84ec7ae0f778089937ff94911271f48895070b8763eaf94413829babfcd501f8,BNB Chain,0x4fc815586d756c97d88d125babcaffd9d27579eb70f35d8f271d2fa79c7d3df7,0x42c2e14680f6bd27c8e24a2c2aa38a9624bc8a24,2023-05-12 10:22:34,Harmony Bridge,,,1683886954,33
Harmony,0xbe3ffdef1b2d71d2a3fc209b904585f7637a7970974a4366eb140a39c1d0c629,BNB Chain,0xb5de6d567cd887a8ff8510b61be7839e29caaca29409384ca1194a0f6eb46383,0x1181757131dfdfc81352b6a401fe2c8ac086ca9d,2023-05-12 10:22:34,Harmony Bridge,,,1683886954,33
Harmony,0x555c8612cfc2401bb662271b327d3e010ba8f833a98685615b6d976602beb589,BNB Chain,0x921150d17b27f65bcca8f170f27799b9218db4b8bcfc5653eccaac9841554482,0x0650bc56e68413f708124e77aa28ab37151d2e89,2023-05-12 10:22:34,Harmony Bridge,,,1683886954,33
Harmony,0xbc83306f7d48fc6e25bf4c12af816a2c36c00b6601c57c19778f5e902751792b,BNB Chain,0x03412d1d3df20e19df12577fc3e7cf88b70ac4729d8fd8a655eb79d9dab208b5,0x42b1ed0d691085eefb79ebe6b9cd3de57a9e0caa,2023-05-12 10:22:34,Harmony Bridge,,,1683886954,33
Harmony,0xb5a282681be256fa2fcbfe9ac7d5a099162453be1133652efa60b28d4368b7c1,BNB Chain,0x1410e209dfd3ae2143145cf12d544580fc10935ebdb8e46aa73e60ee8b4477de,0xcc2bb78f4af01cb9ad256889fa3fe17b120cd842,2023-05-12 10:22:34,Harmony Bridge,,,1683886954,33
Harmony,0x07adbc63732210de35fba3b043d00b7d708e02fa7adee73956a55dd061f21c31,BNB Chain,0xabe070a56f4c0720d35d6c685254407527f763ade6447d29ed0a398ca2e66e76,0xdac4f27545dfd2ebaa13f4ee04c2f6ce94cb6ed7,2023-06-22 17:51:20,Harmony Bridge,,,1687456280,25
Harmony,0x10bb3f7a0e800468034f05ec9e187d81152caf2c8c0905f5fe403b47d76c86dd,BNB Chain,0x1427fd2247d7d25575d1f5226be8532f1f1f8cbec180d8c13699b26a68eef299,0xc176ca9fd776cfbd6b7d5a26059e0bddb3a38b99,2023-06-22 17:51:20,Harmony Bridge,,,1687456280,25
Harmony,0xffbcce9d00e815faa719feb71113f478831ab428677086126c023e890e6bce24,BNB Chain,0xb3f288e6a830d3cab1cbb218a8125775ca689d226cecca9b51cb897da4f8d931,0xd83d6209121d543e2c8a80121e29e73929e5503f,2023-06-22 17:51:20,Harmony Bridge,,,1687456280,25
Harmony,0xaf0571a547ca42ed2c54369c0f26ce707000802b71c4145141cd6ca3e384a164,BNB Chain,0xda1376d3c0922dc41008fe592ef5395f212470eee585c33027c4782b122f4712,0x5c4fd041d0a5a56028bfd0068a5d13cd9e179d77,2023-06-22 17:51:20,Harmony Bridge,,,1687456280,25
Harmony,0x89eed22dbc36ef9f37f8605c14b1bfedf53f93905662a1c1dfabc3d63ba3a95b,BNB Chain,0x56eb807708ab8c511a74727296cd02993c4bb730e00369328a601373464ef138,0xd3fb1600121ed44c7f75b692d847a7ac468787e3,2023-06-22 17:51:20,Harmony Bridge,,,1687456280,25
Harmony,0xfa0c4907a9795c136e9070c7dfcd2d89ff9b498e75e6d520918def12ba1b9e4c,BNB Chain,0x14ecf17ae207a892dd8fae1d5ce9c007f6767324c8d4767f5a3f19757d012e53,0x29b8bdd5d3fc845271cbac06a928aa1213efa798,2023-06-22 17:51:20,Harmony Bridge,,,1687456280,25
Harmony,0x643c0ada07a394d4579d18d0a63e6a3b8936a393c45a507d78ff0ae14848457b,BNB Chain,0x2cb8f7c5d73259fc5b13f6ab276aaa3436e1dd63b2600e7c2b53b56f07a58d32,0x382596552c93483bf4f76180e2d32cf872390199,2023-06-22 17:51:20,Harmony Bridge,,,1687456280,25
Harmony,0x4d5aeb5131a5d66fd15c266b350f604aec0a6b0fd5545a992858e86335e9f898,BNB Chain,0xd7ed99054dc6beec7a138e07aa6022ee2257378fed15428dc4499cf96709bf46,0x14d0973f0163983db1d742d38c2396cf44f2c305,2023-06-22 17:51:20,Harmony Bridge,,,1687456280,25
Harmony,0x2f0722c524aad2bc9252501c400818fddda4c041d2781278e6b246f93d78275c,BNB Chain,0xc8c7b8b0c8a160fd01716a3c8b0e39dc72e60819045892ae5028903712b3e531,0x0351cbc0d5d414318a46c2cd920a8d68d4802096,2023-06-22 17:51:20,Harmony Bridge,,,1687456280,25
Harmony,0x43c52d4a99123d8ad0e0e0b9fb016091c34d7f81c66fa5ffc64d23130e3ba4fb,BNB Chain,0x2f8343aa477ee74754252c6c39054f1901e3a95395793670a436470f38277d3e,0x88f8f359ea2da8552041dff757d04dced2dbd5c4,2023-06-22 17:51:20,Harmony Bridge,,,1687456280,25
Harmony,0xd162131423d3258fb9df5609e976af39154659a7ad2b1ce6fa1ea1dd1cc38e7a,BNB Chain,0x200b04e64fe4a829890b6161e5fa75a6550128ded2418e41ab1bb70d9b6aa07d,0x3e7a5fdaa138a648dcc1f2d46253e26c0cca4b0c,2023-08-08 06:32:29,Harmony Bridge,,,1691476349,23
Harmony,0x6bc8ea64684601100c64aa07cea796e0f122840fa0bd89f59bf8cbd7ff5177f5,BNB Chain,0x89a21b2e40263d823896cd1d6c36ea5fe928681bd45c563b949381f94d1ac156,0xf1124c993307685b05bbc7e60993782ebfe45cd5,2023-08-08 06:32:29,Harmony Bridge,,,1691476349,23
Harmony,0xfe74053f79d1bd9cb82a79c8d5b410dfaf9fe9733d68b5b391abdc9d39146f64,BNB Chain,0x2b445a28b36fc9e1ec81007dc6092a63fd131e092821c928997e8cac74ee2c9d,0xc40297ac0a084b30b1d1ba62e1be9388707d632c,2023-08-08 06:32:29,Harmony Bridge,,,1691476349,23
Harmony,0x49cc6239c2391102410062beb257a8c82ca6e8eaeef527452aac87365428ecfc,BNB Chain,0x900022b094b3d30b27d39af3b9e0edcd4fbd30321f3967ec5076fcd269e9a593,0xec6264c42be586944f1f837489ce41d9b9fb4622,2023-08-08 06:32:29,Harmony Bridge,,,1691476349,23
Harmony,0xe8b83a3f8ce1990e17eeb2c920fe2a8dc404393268070d85af7141053f867099,BNB Chain,0xcdb675880b0c101ef9856b27c7ffc8f19dcbd6652755c1c011f51e8e28aa0136,0x5aeae041f08579b8a9462f5b801d9434dc5c3e2f,2023-08-08 06:32:29,Harmony Bridge,,,1691476349,23
Harmony,0xf6c5515d281dec8751e585cf97026e95c2d573b8b75a9870d029dd9263dd004d,BNB Chain,0x6a34d7188a840929eddffc8e33b456d484862bb0d3199be2b112aaa1c8ec3fe8,0x7c2a6fe7cad1f2598592e3715c62af140b585631,2023-08-08 06:32:29,Harmony Bridge,,,1691476349,23
Harmony,0x2f958257cf6e95c0db5e12e1e64e8023616a4e63d64eecafd896f810dd61b2a2,BNB Chain,0xd9c576f74d6e95916f066a2d2cd317746e8bdce9c0944fbb79705c27b79d479a,0xbce4d82ee7bbf0116e364baf79002dd858278887,2023-08-08 14:37:16,Harmony Bridge,,,1691505436,22
Harmony,0x7023935a4a134f8d4d2f21920d5bee6dd784c22ea380d45bfa2613ec825b80e1,BNB Chain,0x283fc5ed46324effd36c0e0d55626b01ae91868063ff124e30726c59d74ce3b3,0x332ae45f5b6ff320e3459b32b770c76ea5b0f655,2023-08-08 14:37:16,Harmony Bridge,,,1691505436,22
Harmony,0x760407b5de579ca3d091467a2ec9591a977e23604c1964ababf2a51b7f1c09f2,BNB Chain,0x8d866e746d7920963bf496c93cd09705c06d712adf36b5f73b5c4d88f231b1a3,0x38f6bd48af8f70ed1f06419938521ba640d91802,2023-08-08 14:37:16,Harmony Bridge,,,1691505436,22
Harmony,0xdfa4d932d60c1ee4c93fbf1deb4044152007a8ad9ef076f0c48b383986123722,BNB Chain,0x0038ff74be92d3f7c5892b6105d1fa60925c618f6b3d294c2b26773b9415accc,0xbf34835c0fa6511e9a33a67296afdff8d3d073ff,2023-08-08 14:37:16,Harmony Bridge,,,1691505436,22
Harmony,0x79373c624854f59ba71b5a24d98de3badef59f418922e6f353a4a3e77cf5ba70,BNB Chain,0x290e6c3313833617a59f894364bc87af6d74895bf0221d2fad6958d33c41a136,0x05bbccd808f3d608b4b877a5e4844f32585a2a9b,2023-08-08 14:37:16,Harmony Bridge,,,1691505436,22
Harmony,0xfe957f275819c1eb474964f509daf40079e5e4cc0d6b67a0f20ef62124b6336c,BNB Chain,0x38f86dab551bedc1140112962e2bd57d2a73991ba4cb0eb3df13c6888e307445,0x88badcce1ff7efcc1cd10417f11a8b0121472fed,2023-08-08 14:37:16,Harmony Bridge,,,1691505436,22
Harmony,0x9a557f8e1587b480cfd0fce3991494f04fbeb3130aa55cff40bb521d70193bbc,BNB Chain,0x2f96b0ffa3e96b8ae97a3e4428f094ec457b0bc14a79823a1d8e1cb1cfa02bc7,0x2841db38639d44fad9d9bab68706241c19e330a7,2023-08-08 14:37:16,Harmony Bridge,,,1691505436,22
Harmony,0x5b015b06c49890001dba37deee007511392fe424cc3a35819be17157ba355846,BNB Chain,0xd66aa97dd3554b28ce8967442c7fbfd1b017c323ec189e698b8226abbe850451,0xccae3a08374070a219a33e5595b8628f71f4c38d,2023-08-08 14:37:16,Harmony Bridge,,,1691505436,22
Harmony,0xed6aa347f962328dfd43585c68f9108d272406c658be0e9e6a90fcad58f377f1,BNB Chain,0x5c2e18a667c5f8c7321c122fb14ff2d23c7457bc791b0327dfa268bc5c09c825,0xea659f0a9da2df3b8693f34bc759abb542d36a8b,2023-08-08 14:37:16,Harmony Bridge,,,1691505436,22
Harmony,0x69d53b0fb2d551e08e58f6a1fa71a4b86e3ca4008dcd091c44e9d5d0f98d2bc3,BNB Chain,0x6d609539e96cce88e31541b63b7f7fa8f38d319795ffaa0606bc2df6a0ac391f,0x8603794554f2881718f15b03ada306e009720d49,2023-08-08 14:37:16,Harmony Bridge,,,1691505436,22
Harmony,0x523c31ab559c0c0118da79a945453c7368d64100828290f1ffd6d06600d0c14f,BNB Chain,0x929b48583953078809f7b56d7596b609d7a21f7b9b7dce97d03f5563341581cd,0x2ca336ddbb4660e6b20f7c7d3cc4ea93a5f12af5,2023-07-19 17:05:39,Harmony Bridge,,,1689786339,21
Harmony,0xc2471671554ec9e3a9f575947fb5b99fed4aec533e33dd6ec1b144f20d11e233,BNB Chain,0x30110167293514f70199523950520e4a70c78fa9789de6e7545e20062f05c877,0xa217064210b620fc11d798d1442385909690540d,2023-07-19 17:05:39,Harmony Bridge,,,1689786339,21
Harmony,0x484893c6ff5a6fb11eb70becab1923900b3709b5db389f1fd5c0b4d0eab96891,BNB Chain,0x79d61bdbc1f1dc09e88bd524d62fe963378e661f621b4bdcfacd09f2dfad3134,0xd98090fa12bfad201c16b4d29e755b6a53060f60,2023-07-19 17:05:39,Harmony Bridge,,,1689786339,21
Harmony,0x486cd97597d062a02983340be224399933af2c5dbc6f3a55c146144fbb457159,BNB Chain,0xebe7621b43be44cfe5514329e4d38da5b71433d0d6051e5b0c7d5406879a8b4c,0x6814be3ff2345f68f6176e2eb1b6f291dad90e47,2023-07-19 17:05:39,Harmony Bridge,,,1689786339,21
Harmony,0xbfd891b292bbc0d913bd2750598d0b4a29280ecc5d2603323f28e395df3c0e07,BNB Chain,0x7944eaf5e6d2b111af3ac22854ef5f93d1c9b139f54232635397528ba569cdce,0x371b0079a219316b85f04bfa5bf3f5f212c07d67,2023-07-19 17:05:39,Harmony Bridge,,,1689786339,21
Harmony,0xd2744d0a97c20c4446fc23ada031c62d2f4a2feaee59ae17fcd426dfe2784eb0,BNB Chain,0x3e093031f5c5a1219c133214bed96c94b7f4f2ab16ae18de14a35e01f91dbfc0,0xd495bc275501c8d7b71f2762e954b730b9874df1,2023-07-19 17:05:39,Harmony Bridge,,,1689786339,21
Harmony,0xec8e6e148481542969609fd7a654e48a51b9f157e9c2e6f7e6bbba5e372eedb9,BNB Chain,0x6eafb1ac64ba31e6ede19940daf4c02e3cd9172777932d8c04a97b609a191e9a,0xb19eb508d4ca8afb01d0ead846b54f354a051139,2023-07-19 17:05:39,Harmony Bridge,,,1689786339,21
Harmony,0xb8f6d5246f28096ea542a220b50e3d43709f7a966d4812fb24107884f4f908ce,BNB Chain,0xc96ad4cd216af52f3bbfe1b052606ca622e8f4144283de931da42c04805ebb60,0x3be4bd7ea136660fa4611ccf4f745a7c949f5efd,2023-07-19 17:05:39,Harmony Bridge,,,1689786339,21
Harmony,0xdca264b2d624ccf66a5a6a8962b74d5bffeb00348dbb55493bbe1e7cabb5eb35,BNB Chain,0x12adf41e9d3a9ad3030a512d29a8421c25391057363bf71a3eb4289f8f6e7812,0x28e8b8f2e7531f98d1de5d292804e25b16e59143,2023-07-19 17:05:39,Harmony Bridge,,,1689786339,21
Harmony,0x246431892e05848a96558268eeffc6aad031afb8944512da088262b12fbdc30f,BNB Chain,0xa7588b2e66fed131df3ccf1dea4d90b172381e9b7b1f9bd14cb576e97c4ea423,0x81badf58b8392ad31b6ca077c6f9665622c4c88b,2023-07-19 17:05:39,Harmony Bridge,,,1689786339,21
Harmony,0x42d126ba2ad8ac42855d3fd74b0bc36ec8c93633d6a590c3f9fae8f05724db43,BNB Chain,0x1ba4368f33abfbc9926a388e723776b84393f0d9dec16fe928cbf8c54181e1ac,0xf2afbb4ad207f83ea1eead4902f615c24bcc461e,2023-08-14 21:09:27,Harmony Bridge,,,1692047367,4
Harmony,0x3599fc992a2db75e24894285cfa7290da701d1a7afa0561bf41de452efd0159c,BNB Chain,0xdf551e580b14f4d3882d1be4c4ad8a9e326d559e222b4e4a8cacec520124af13,0x63809185f3e50e0cc4e4535db13d9575331e5dc3,2023-08-14 21:09:27,Harmony Bridge,,,1692047367,4
Harmony,0xb5041cfbffd915814cad35934e8dbd895a9990bff97564cb149293a1e2db37b5,BNB Chain,0xb7245710d9b6806904dd14865f7b0511105f1aab4087ea8d4ef407fac4d35b8d,0x9dd39bf729cb4fe754f8225f2ad3f4223f8e2fc0,2023-08-14 21:09:27,Harmony Bridge,,,1692047367,4
Harmony,0x0be6f30b1bb679e6d8b553bfe0c6decb807c65b30da262b4cc2d7c145a5c1adf,BNB Chain,0x18f1170bf8858d65fef424b2788700471ce7d8cbd42b7cb35ed2686d206609d0,0xc0d749b6fa923e6231d96761cfdac757b5e9f6ba,2023-08-14 21:09:27,Harmony Bridge,,,1692047367,4
Harmony,0x5eff3401d6791439710a1a753c451ad408bdc659007be15f5bce7f3e821ca474,BNB Chain,0x113ebe85faefe95de24a310e8b8b2297aefdf9898d98fb4a5707c3668064ad72,0x7c9863a9575a6127630b556bffc859353aee5fc8,2023-08-14 21:09:27,Harmony Bridge,,,1692047367,4
Harmony,0x6ddec186f561c5792db82fb60e6ba0bbd16b79be286fee308e4b50fa8e5fefe1,BNB Chain,0x4089d29f28bc6def711756b06e09afbd2012bd17c3fa98ce98f28d7482d79a21,0xd67139e915a3caeb515de51cf10c4c12ce106500,2023-08-14 21:09:27,Harmony Bridge,,,1692047367,4
Harmony,0xba97c67ce006a5472e817734fa836d7afa36cb6bf94a9c8af92f5d64402b6dc7,BNB Chain,0x6424904898b1bc1babb35cbb818b4b5d1179a4a6842ef811402d06ac1254c8c7,0x4b2cf187e1aefacddca7b3e70a03aa15fa5f326f,2023-08-14 21:09:27,Harmony Bridge,,,1692047367,4
Harmony,0xb6787ad2fb2e556302edeaedfa59fb15339c0cbd4337912240737792a4d00d4c,BNB Chain,0xa64ac691bf9684dafb075b26a157fbb7a0ed8be0e507b322f9a62f858a3c808b,0xe70c3404043c24648009f95e1d183faaf947ebee,2023-08-14 21:09:27,Harmony Bridge,,,1692047367,4
Harmony,0xc3ee930c592b19ae76edf039793da2b9ebc40a0b5913dafbede879353ebc239f,BNB Chain,0x2eb55c7bd1cb0b9dccc3fb46b5b07d501cd52ea4b5fae977ff799466384696b8,0x461c21c15640db97b7f17c0e4aa0f41a2c2d3c43,2023-08-14 21:09:27,Harmony Bridge,,,1692047367,4
Harmony,0x7c176e069909c54a2e8ed8d32beec553a2a070ec3237cf2c3ad6ddd1b9e48256,BNB Chain,0x76cd03d24688ee77f823624fa5d93473eb00510ce05ed05b5af9960aab4dcf90,0x532373c5d35243c073cbecaffce4f78e77bd6093,2023-08-14 21:09:27,Harmony Bridge,,,1692047367,4
